[
    {
        "Division": "Element division 1",
        "Type of Flight": "IndiGo",
        "Start (Departure)": "CCU Kolkata , India",
        "Departure timing": "05:30",
        "Total timing (Duration)": "2h 15m",
        "End (Arrival)": "DEL New Delhi , India",
        "End-Time": "07:45",
        "Price": "6,314",
        "Flight Unique Number": "6E - 2104",
        "Layover": ""
    },
    {
        "Division": "Element division 2",
        "Type of Flight": "IndiGo",
        "Start (Departure)": "CCU Kolkata , India",
        "Departure timing": "09:45",
        "Total timing (Duration)": "2h 35m",
        "End (Arrival)": "DEL New Delhi , India",
        "End-Time": "12:20",
        "Price": "6,314",
        "Flight Unique Number": "6E - 6245",
        "Layover": ""
    },
    {
        "Division": "Element division 3",
        "Type of Flight": "IndiGo",
        "Start (Departure)": "CCU Kolkata , India",
        "Departure timing": "18:05",
        "Total timing (Duration)": "2h 30m",
        "End (Arrival)": "DEL New Delhi , India",
        "End-Time": "20:35",
        "Price": "6,314",
        "Flight Unique Number": "6E - 6183",
        "Layover": ""
    },
    {
        "Division": "Element division 4",
        "Type of Flight": "IndiGo",
        "Start (Departure)": "CCU Kolkata , India",
        "Departure timing": "21:00",
        "Total timing (Duration)": "2h 30m",
        "End (Arrival)": "DEL New Delhi , India",
        "End-Time": "23:30",
        "Price": "6,314",
        "Flight Unique Number": "6E - 2083",
        "Layover": ""
    },
    {
        "Division": "Element division 5",
        "Type of Flight": "IndiGo",
        "Start (Departure)": "CCU Kolkata , India",
        "Departure timing": "22:30",
        "Total timing (Duration)": "2h 40m",
        "End (Arrival)": "DEL New Delhi , India",
        "End-Time": "01:10",
        "Price": "6,314",
        "Flight Unique Number": "6E - 2415",
        "Layover": ""
    },
    {
        "Division": "Element division 6",
        "Type of Flight": "Air India",
        "Start (Departure)": "CCU Kolkata , India",
        "Departure timing": "06:35",
        "Total timing (Duration)": "2h 40m",
        "End (Arrival)": "DEL New Delhi , India",
        "End-Time": "09:15",
        "Price": "6,326",
        "Flight Unique Number": "AI - 763",
        "Layover": ""
    },
    {
        "Division": "Element division 7",
        "Type of Flight": "Air India",
        "Start (Departure)": "CCU Kolkata , India",
        "Departure timing": "20:00",
        "Total timing (Duration)": "2h 35m",
        "End (Arrival)": "DEL New Delhi , India",
        "End-Time": "22:35",
        "Price": "6,326",
        "Flight Unique Number": "AI - 770",
        "Layover": ""
    },
    {
        "Division": "Element division 8",
        "Type of Flight": "IndiGo",
        "Start (Departure)": "CCU Kolkata , India",
        "Departure timing": "16:15",
        "Total timing (Duration)": "5h 55m",
        "End (Arrival)": "DEL New Delhi , India",
        "End-Time": "22:10",
        "Price": "6,419",
        "Flight Unique Number": "6E - 632",
        "Layover": "-PAT-"
    },
    {
        "Division": "Element division 9",
        "Type of Flight": "Vistara",
        "Start (Departure)": "CCU Kolkata , India",
        "Departure timing": "20:30",
        "Total timing (Duration)": "2h 25m",
        "End (Arrival)": "DEL New Delhi , India",
        "End-Time": "22:55",
        "Price": "6,465",
        "Flight Unique Number": "UK - 708",
        "Layover": ""
    },
    {
        "Division": "Element division 10",
        "Type of Flight": "Air India",
        "Start (Departure)": "CCU Kolkata , India",
        "Departure timing": "09:55",
        "Total timing (Duration)": "2h 35m",
        "End (Arrival)": "DEL New Delhi , India",
        "End-Time": "12:30",
        "Price": "6,599",
        "Flight Unique Number": "AI - 769",
        "Layover": ""
    },
    {
        "Division": "Element division 11",
        "Type of Flight": "SpiceJet",
        "Start (Departure)": "CCU Kolkata , India",
        "Departure timing": "06:20",
        "Total timing (Duration)": "2h 25m",
        "End (Arrival)": "DEL New Delhi , India",
        "End-Time": "08:45",
        "Price": "6,679",
        "Flight Unique Number": "SG - 8130",
        "Layover": ""
    },
    {
        "Division": "Element division 12",
        "Type of Flight": "SpiceJet",
        "Start (Departure)": "CCU Kolkata , India",
        "Departure timing": "21:20",
        "Total timing (Duration)": "2h 25m",
        "End (Arrival)": "DEL New Delhi , India",
        "End-Time": "23:45",
        "Price": "6,679",
        "Flight Unique Number": "SG - 8264",
        "Layover": ""
    },
    {
        "Division": "Element division 13",
        "Type of Flight": "Air India Express",
        "Start (Departure)": "CCU Kolkata , India",
        "Departure timing": "10:15",
        "Total timing (Duration)": "5h 10m",
        "End (Arrival)": "DEL New Delhi , India",
        "End-Time": "15:25",
        "Price": "6,886",
        "Flight Unique Number": "I5 - 581",
        "Layover": "-IXB-"
    },
    {
        "Division": "Element division 14",
        "Type of Flight": "Air India Express",
        "Start (Departure)": "CCU Kolkata , India",
        "Departure timing": "08:25",
        "Total timing (Duration)": "6h 00m",
        "End (Arrival)": "DEL New Delhi , India",
        "End-Time": "14:25",
        "Price": "6,886",
        "Flight Unique Number": "I5 - 634",
        "Layover": "-IXB-"
    },
    {
        "Division": "Element division 15",
        "Type of Flight": "Air India Express",
        "Start (Departure)": "CCU Kolkata , India",
        "Departure timing": "06:35",
        "Total timing (Duration)": "7h 50m",
        "End (Arrival)": "DEL New Delhi , India",
        "End-Time": "14:25",
        "Price": "6,886",
        "Flight Unique Number": "I5 - 582",
        "Layover": "-IXB-"
    },
    {
        "Division": "Element division 16",
        "Type of Flight": "IndiGo",
        "Start (Departure)": "CCU Kolkata , India",
        "Departure timing": "06:45",
        "Total timing (Duration)": "2h 20m",
        "End (Arrival)": "DEL New Delhi , India",
        "End-Time": "09:05",
        "Price": "6,944",
        "Flight Unique Number": "6E - 375",
        "Layover": ""
    },
    {
        "Division": "Element division 17",
        "Type of Flight": "IndiGo",
        "Start (Departure)": "CCU Kolkata , India",
        "Departure timing": "12:15",
        "Total timing (Duration)": "2h 30m",
        "End (Arrival)": "DEL New Delhi , India",
        "End-Time": "14:45",
        "Price": "6,944",
        "Flight Unique Number": "6E - 2157",
        "Layover": ""
    },
    {
        "Division": "Element division 18",
        "Type of Flight": "IndiGo",
        "Start (Departure)": "CCU Kolkata , India",
        "Departure timing": "16:35",
        "Total timing (Duration)": "2h 25m",
        "End (Arrival)": "DEL New Delhi , India",
        "End-Time": "19:00",
        "Price": "6,944",
        "Flight Unique Number": "6E - 6516",
        "Layover": ""
    },
    {
        "Division": "Element division 19",
        "Type of Flight": "IndiGo",
        "Start (Departure)": "CCU Kolkata , India",
        "Departure timing": "19:30",
        "Total timing (Duration)": "2h 30m",
        "End (Arrival)": "DEL New Delhi , India",
        "End-Time": "22:00",
        "Price": "6,944",
        "Flight Unique Number": "6E - 898",
        "Layover": ""
    },
    {
        "Division": "Element division 20",
        "Type of Flight": "Air India Express",
        "Start (Departure)": "CCU Kolkata , India",
        "Departure timing": "16:25",
        "Total timing (Duration)": "8h 05m",
        "End (Arrival)": "DEL New Delhi , India",
        "End-Time": "00:30",
        "Price": "7,096",
        "Flight Unique Number": "I5 - 1563",
        "Layover": "-BBI-"
    },
    {
        "Division": "Element division 21",
        "Type of Flight": "Air India Express",
        "Start (Departure)": "CCU Kolkata , India",
        "Departure timing": "12:35",
        "Total timing (Duration)": "11h 55m",
        "End (Arrival)": "DEL New Delhi , India",
        "End-Time": "00:30",
        "Price": "7,096",
        "Flight Unique Number": "I5 - 319",
        "Layover": "-BBI-"
    },
    {
        "Division": "Element division 22",
        "Type of Flight": "IndiGo",
        "Start (Departure)": "CCU Kolkata , India",
        "Departure timing": "06:55",
        "Total timing (Duration)": "4h 20m",
        "End (Arrival)": "DEL New Delhi , India",
        "End-Time": "11:15",
        "Price": "7,128",
        "Flight Unique Number": "6E - 7561",
        "Layover": "-IXR-"
    },
    {
        "Division": "Element division 23",
        "Type of Flight": "IndiGo",
        "Start (Departure)": "CCU Kolkata , India",
        "Departure timing": "06:40",
        "Total timing (Duration)": "4h 35m",
        "End (Arrival)": "DEL New Delhi , India",
        "End-Time": "11:15",
        "Price": "7,128",
        "Flight Unique Number": "6E - 139",
        "Layover": "-RPR-"
    },
    {
        "Division": "Element division 24",
        "Type of Flight": "IndiGo",
        "Start (Departure)": "CCU Kolkata , India",
        "Departure timing": "15:45",
        "Total timing (Duration)": "4h 35m",
        "End (Arrival)": "DEL New Delhi , India",
        "End-Time": "20:20",
        "Price": "7,128",
        "Flight Unique Number": "6E - 7234",
        "Layover": "-IXR-"
    },
    {
        "Division": "Element division 25",
        "Type of Flight": "IndiGo",
        "Start (Departure)": "CCU Kolkata , India",
        "Departure timing": "20:05",
        "Total timing (Duration)": "5h 05m",
        "End (Arrival)": "DEL New Delhi , India",
        "End-Time": "01:10",
        "Price": "7,128",
        "Flight Unique Number": "6E - 862",
        "Layover": "-NAG-"
    },
    {
        "Division": "Element division 26",
        "Type of Flight": "IndiGo",
        "Start (Departure)": "CCU Kolkata , India",
        "Departure timing": "08:45",
        "Total timing (Duration)": "5h 30m",
        "End (Arrival)": "DEL New Delhi , India",
        "End-Time": "14:15",
        "Price": "7,128",
        "Flight Unique Number": "6E - 6513",
        "Layover": "-HYD-"
    },
    {
        "Division": "Element division 27",
        "Type of Flight": "IndiGo",
        "Start (Departure)": "CCU Kolkata , India",
        "Departure timing": "14:45",
        "Total timing (Duration)": "5h 30m",
        "End (Arrival)": "DEL New Delhi , India",
        "End-Time": "20:15",
        "Price": "7,128",
        "Flight Unique Number": "6E - 811",
        "Layover": "-LKO-"
    },
    {
        "Division": "Element division 28",
        "Type of Flight": "IndiGo",
        "Start (Departure)": "CCU Kolkata , India",
        "Departure timing": "15:45",
        "Total timing (Duration)": "6h 00m",
        "End (Arrival)": "DEL New Delhi , India",
        "End-Time": "21:45",
        "Price": "7,128",
        "Flight Unique Number": "6E - 7583",
        "Layover": "-BBI-"
    },
    {
        "Division": "Element division 29",
        "Type of Flight": "IndiGo",
        "Start (Departure)": "CCU Kolkata , India",
        "Departure timing": "01:10",
        "Total timing (Duration)": "6h 05m",
        "End (Arrival)": "DEL New Delhi , India",
        "End-Time": "07:15",
        "Price": "7,128",
        "Flight Unique Number": "6E - 6472",
        "Layover": "-PNQ-"
    },
    {
        "Division": "Element division 30",
        "Type of Flight": "IndiGo",
        "Start (Departure)": "CCU Kolkata , India",
        "Departure timing": "05:25",
        "Total timing (Duration)": "6h 05m",
        "End (Arrival)": "DEL New Delhi , India",
        "End-Time": "11:30",
        "Price": "7,128",
        "Flight Unique Number": "6E - 6623",
        "Layover": "-HYD-"
    },
    {
        "Division": "Element division 31",
        "Type of Flight": "IndiGo",
        "Start (Departure)": "CCU Kolkata , India",
        "Departure timing": "19:00",
        "Total timing (Duration)": "6h 20m",
        "End (Arrival)": "DEL New Delhi , India",
        "End-Time": "01:20",
        "Price": "7,128",
        "Flight Unique Number": "6E - 6717",
        "Layover": "-BBI-"
    },
    {
        "Division": "Element division 32",
        "Type of Flight": "IndiGo",
        "Start (Departure)": "CCU Kolkata , India",
        "Departure timing": "16:10",
        "Total timing (Duration)": "6h 30m",
        "End (Arrival)": "DEL New Delhi , India",
        "End-Time": "22:40",
        "Price": "7,128",
        "Flight Unique Number": "6E - 292",
        "Layover": "-AMD-"
    },
    {
        "Division": "Element division 33",
        "Type of Flight": "IndiGo",
        "Start (Departure)": "CCU Kolkata , India",
        "Departure timing": "02:15",
        "Total timing (Duration)": "6h 50m",
        "End (Arrival)": "DEL New Delhi , India",
        "End-Time": "09:05",
        "Price": "7,128",
        "Flight Unique Number": "6E - 6349",
        "Layover": "-BOM-"
    },
    {
        "Division": "Element division 34",
        "Type of Flight": "IndiGo",
        "Start (Departure)": "CCU Kolkata , India",
        "Departure timing": "09:15",
        "Total timing (Duration)": "7h 10m",
        "End (Arrival)": "DEL New Delhi , India",
        "End-Time": "16:25",
        "Price": "7,128",
        "Flight Unique Number": "6E - 5297",
        "Layover": "-BOM-"
    },
    {
        "Division": "Element division 35",
        "Type of Flight": "IndiGo",
        "Start (Departure)": "CCU Kolkata , India",
        "Departure timing": "07:30",
        "Total timing (Duration)": "5h 55m",
        "End (Arrival)": "DEL New Delhi , India",
        "End-Time": "13:25",
        "Price": "7,233",
        "Flight Unique Number": "6E - 212",
        "Layover": "-GAU-"
    },
    {
        "Division": "Element division 36",
        "Type of Flight": "IndiGo",
        "Start (Departure)": "CCU Kolkata , India",
        "Departure timing": "08:15",
        "Total timing (Duration)": "2h 30m",
        "End (Arrival)": "DEL New Delhi , India",
        "End-Time": "10:45",
        "Price": "7,574",
        "Flight Unique Number": "6E - 6004",
        "Layover": ""
    },
    {
        "Division": "Element division 37",
        "Type of Flight": "IndiGo",
        "Start (Departure)": "CCU Kolkata , India",
        "Departure timing": "14:35",
        "Total timing (Duration)": "2h 10m",
        "End (Arrival)": "DEL New Delhi , India",
        "End-Time": "16:45",
        "Price": "7,574",
        "Flight Unique Number": "6E - 2759",
        "Layover": ""
    },
    {
        "Division": "Element division 38",
        "Type of Flight": "IndiGo",
        "Start (Departure)": "CCU Kolkata , India",
        "Departure timing": "07:55",
        "Total timing (Duration)": "4h 40m",
        "End (Arrival)": "DEL New Delhi , India",
        "End-Time": "12:35",
        "Price": "7,648",
        "Flight Unique Number": "6E - 713",
        "Layover": "-PAT-"
    },
    {
        "Division": "Element division 39",
        "Type of Flight": "Vistara",
        "Start (Departure)": "CCU Kolkata , India",
        "Departure timing": "07:10",
        "Total timing (Duration)": "2h 25m",
        "End (Arrival)": "DEL New Delhi , India",
        "End-Time": "09:35",
        "Price": "7,725",
        "Flight Unique Number": "UK - 720",
        "Layover": ""
    },
    {
        "Division": "Element division 40",
        "Type of Flight": "Vistara",
        "Start (Departure)": "CCU Kolkata , India",
        "Departure timing": "10:30",
        "Total timing (Duration)": "2h 10m",
        "End (Arrival)": "DEL New Delhi , India",
        "End-Time": "12:40",
        "Price": "7,777",
        "Flight Unique Number": "UK - 706",
        "Layover": ""
    },
    {
        "Division": "Element division 41",
        "Type of Flight": "Vistara",
        "Start (Departure)": "CCU Kolkata , India",
        "Departure timing": "18:45",
        "Total timing (Duration)": "2h 20m",
        "End (Arrival)": "DEL New Delhi , India",
        "End-Time": "21:05",
        "Price": "7,953",
        "Flight Unique Number": "UK - 738",
        "Layover": ""
    },
    {
        "Division": "Element division 42",
        "Type of Flight": "IndiGo",
        "Start (Departure)": "CCU Kolkata , India",
        "Departure timing": "18:15",
        "Total timing (Duration)": "5h 15m",
        "End (Arrival)": "DEL New Delhi , India",
        "End-Time": "23:30",
        "Price": "8,358",
        "Flight Unique Number": "6E - 114",
        "Layover": "-JAI-"
    },
    {
        "Division": "Element division 43",
        "Type of Flight": "IndiGo",
        "Start (Departure)": "CCU Kolkata , India",
        "Departure timing": "07:40",
        "Total timing (Duration)": "4h 35m",
        "End (Arrival)": "DEL New Delhi , India",
        "End-Time": "12:15",
        "Price": "8,803",
        "Flight Unique Number": "6E - 6785",
        "Layover": "-IXB-"
    },
    {
        "Division": "Element division 44",
        "Type of Flight": "Air India Express",
        "Start (Departure)": "CCU Kolkata , India",
        "Departure timing": "16:25",
        "Total timing (Duration)": "4h 40m",
        "End (Arrival)": "DEL New Delhi , India",
        "End-Time": "21:05",
        "Price": "9,137",
        "Flight Unique Number": "I5 - 1563",
        "Layover": "-BBI-"
    },
    {
        "Division": "Element division 45",
        "Type of Flight": "Air India Express",
        "Start (Departure)": "CCU Kolkata , India",
        "Departure timing": "06:00",
        "Total timing (Duration)": "7h 25m",
        "End (Arrival)": "DEL New Delhi , India",
        "End-Time": "13:25",
        "Price": "9,137",
        "Flight Unique Number": "IX - 1457",
        "Layover": "-JAI-"
    },
    {
        "Division": "Element division 46",
        "Type of Flight": "Vistara",
        "Start (Departure)": "CCU Kolkata , India",
        "Departure timing": "15:25",
        "Total timing (Duration)": "2h 10m",
        "End (Arrival)": "DEL New Delhi , India",
        "End-Time": "17:35",
        "Price": "9,266",
        "Flight Unique Number": "UK - 778",
        "Layover": ""
    },
    {
        "Division": "Element division 47",
        "Type of Flight": "Air India",
        "Start (Departure)": "CCU Kolkata , India",
        "Departure timing": "15:25",
        "Total timing (Duration)": "2h 35m",
        "End (Arrival)": "DEL New Delhi , India",
        "End-Time": "18:00",
        "Price": "9,308",
        "Flight Unique Number": "AI - 768",
        "Layover": ""
    }
]