[
    {
        "Division": "Element division 1",
        "Type of Flight": "SpiceJet",
        "Start (Departure)": "DEL New Delhi , India",
        "Departure timing": "19:35",
        "Total timing (Duration)": "2h 25m",
        "End (Arrival)": "BOM Mumbai , India",
        "End-Time": "22:00",
        "Price": "5,164",
        "Flight Unique Number": "SG - 709",
        "Layover": ""
    },
    {
        "Division": "Element division 2",
        "Type of Flight": "SpiceJet",
        "Start (Departure)": "DEL New Delhi , India",
        "Departure timing": "20:15",
        "Total timing (Duration)": "2h 15m",
        "End (Arrival)": "BOM Mumbai , India",
        "End-Time": "22:30",
        "Price": "5,164",
        "Flight Unique Number": "SG - 8269",
        "Layover": ""
    },
    {
        "Division": "Element division 3",
        "Type of Flight": "Air India Express",
        "Start (Departure)": "DEL New Delhi , India",
        "Departure timing": "05:00",
        "Total timing (Duration)": "6h 30m",
        "End (Arrival)": "BOM Mumbai , India",
        "End-Time": "11:30",
        "Price": "5,171",
        "Flight Unique Number": "I5 - 743",
        "Layover": "-JAI-"
    },
    {
        "Division": "Element division 4",
        "Type of Flight": "IndiGo",
        "Start (Departure)": "DEL New Delhi , India",
        "Departure timing": "10:55",
        "Total timing (Duration)": "5h 50m",
        "End (Arrival)": "BOM Mumbai , India",
        "End-Time": "16:45",
        "Price": "5,172",
        "Flight Unique Number": "6E - 2117",
        "Layover": "-GWL-"
    },
    {
        "Division": "Element division 5",
        "Type of Flight": "Akasa Air",
        "Start (Departure)": "DEL New Delhi , India",
        "Departure timing": "11:00",
        "Total timing (Duration)": "2h 05m",
        "End (Arrival)": "BOM Mumbai , India",
        "End-Time": "13:05",
        "Price": "5,352",
        "Flight Unique Number": "QP - 1411",
        "Layover": ""
    },
    {
        "Division": "Element division 6",
        "Type of Flight": "Akasa Air",
        "Start (Departure)": "DEL New Delhi , India",
        "Departure timing": "16:00",
        "Total timing (Duration)": "2h 20m",
        "End (Arrival)": "BOM Mumbai , India",
        "End-Time": "18:20",
        "Price": "5,352",
        "Flight Unique Number": "QP - 1128",
        "Layover": ""
    },
    {
        "Division": "Element division 7",
        "Type of Flight": "IndiGo",
        "Start (Departure)": "DEL New Delhi , India",
        "Departure timing": "03:45",
        "Total timing (Duration)": "1h 55m",
        "End (Arrival)": "BOM Mumbai , India",
        "End-Time": "05:40",
        "Price": "5,357",
        "Flight Unique Number": "6E - 2766",
        "Layover": ""
    },
    {
        "Division": "Element division 8",
        "Type of Flight": "Vistara",
        "Start (Departure)": "DEL New Delhi , India",
        "Departure timing": "02:30",
        "Total timing (Duration)": "2h 15m",
        "End (Arrival)": "BOM Mumbai , India",
        "End-Time": "04:45",
        "Price": "5,377",
        "Flight Unique Number": "UK - 983",
        "Layover": ""
    },
    {
        "Division": "Element division 9",
        "Type of Flight": "Akasa Air",
        "Start (Departure)": "DEL New Delhi , India",
        "Departure timing": "08:40",
        "Total timing (Duration)": "2h 05m",
        "End (Arrival)": "BOM Mumbai , India",
        "End-Time": "10:45",
        "Price": "5,464",
        "Flight Unique Number": "QP - 1719",
        "Layover": ""
    },
    {
        "Division": "Element division 10",
        "Type of Flight": "Air India",
        "Start (Departure)": "DEL New Delhi , India",
        "Departure timing": "14:45",
        "Total timing (Duration)": "2h 15m",
        "End (Arrival)": "BOM Mumbai , India",
        "End-Time": "17:00",
        "Price": "5,503",
        "Flight Unique Number": "AI - 856",
        "Layover": ""
    },
    {
        "Division": "Element division 11",
        "Type of Flight": "Air India",
        "Start (Departure)": "DEL New Delhi , India",
        "Departure timing": "17:15",
        "Total timing (Duration)": "2h 50m",
        "End (Arrival)": "BOM Mumbai , India",
        "End-Time": "20:05",
        "Price": "5,503",
        "Flight Unique Number": "AI - 441",
        "Layover": ""
    },
    {
        "Division": "Element division 12",
        "Type of Flight": "IndiGo",
        "Start (Departure)": "DEL New Delhi , India",
        "Departure timing": "05:00",
        "Total timing (Duration)": "2h 10m",
        "End (Arrival)": "BOM Mumbai , India",
        "End-Time": "07:10",
        "Price": "5,512",
        "Flight Unique Number": "6E - 449",
        "Layover": ""
    },
    {
        "Division": "Element division 13",
        "Type of Flight": "IndiGo",
        "Start (Departure)": "DEL New Delhi , India",
        "Departure timing": "10:00",
        "Total timing (Duration)": "2h 15m",
        "End (Arrival)": "BOM Mumbai , India",
        "End-Time": "12:15",
        "Price": "5,512",
        "Flight Unique Number": "6E - 6328",
        "Layover": ""
    },
    {
        "Division": "Element division 14",
        "Type of Flight": "IndiGo",
        "Start (Departure)": "DEL New Delhi , India",
        "Departure timing": "11:15",
        "Total timing (Duration)": "2h 20m",
        "End (Arrival)": "BOM Mumbai , India",
        "End-Time": "13:35",
        "Price": "5,512",
        "Flight Unique Number": "6E - 6047",
        "Layover": ""
    },
    {
        "Division": "Element division 15",
        "Type of Flight": "IndiGo",
        "Start (Departure)": "DEL New Delhi , India",
        "Departure timing": "12:30",
        "Total timing (Duration)": "2h 10m",
        "End (Arrival)": "BOM Mumbai , India",
        "End-Time": "14:40",
        "Price": "5,512",
        "Flight Unique Number": "6E - 2009",
        "Layover": ""
    },
    {
        "Division": "Element division 16",
        "Type of Flight": "Vistara",
        "Start (Departure)": "DEL New Delhi , India",
        "Departure timing": "05:50",
        "Total timing (Duration)": "2h 10m",
        "End (Arrival)": "BOM Mumbai , India",
        "End-Time": "08:00",
        "Price": "5,516",
        "Flight Unique Number": "UK - 975",
        "Layover": ""
    },
    {
        "Division": "Element division 17",
        "Type of Flight": "Vistara",
        "Start (Departure)": "DEL New Delhi , India",
        "Departure timing": "10:20",
        "Total timing (Duration)": "2h 15m",
        "End (Arrival)": "BOM Mumbai , India",
        "End-Time": "12:35",
        "Price": "5,516",
        "Flight Unique Number": "UK - 995",
        "Layover": ""
    },
    {
        "Division": "Element division 18",
        "Type of Flight": "Vistara",
        "Start (Departure)": "DEL New Delhi , India",
        "Departure timing": "11:40",
        "Total timing (Duration)": "2h 10m",
        "End (Arrival)": "BOM Mumbai , India",
        "End-Time": "13:50",
        "Price": "5,516",
        "Flight Unique Number": "UK - 945",
        "Layover": ""
    },
    {
        "Division": "Element division 19",
        "Type of Flight": "Vistara",
        "Start (Departure)": "DEL New Delhi , India",
        "Departure timing": "12:50",
        "Total timing (Duration)": "2h 10m",
        "End (Arrival)": "BOM Mumbai , India",
        "End-Time": "15:00",
        "Price": "5,516",
        "Flight Unique Number": "UK - 993",
        "Layover": ""
    },
    {
        "Division": "Element division 20",
        "Type of Flight": "Vistara",
        "Start (Departure)": "DEL New Delhi , India",
        "Departure timing": "14:20",
        "Total timing (Duration)": "2h 05m",
        "End (Arrival)": "BOM Mumbai , India",
        "End-Time": "16:25",
        "Price": "5,516",
        "Flight Unique Number": "UK - 951",
        "Layover": ""
    },
    {
        "Division": "Element division 21",
        "Type of Flight": "Vistara",
        "Start (Departure)": "DEL New Delhi , India",
        "Departure timing": "15:30",
        "Total timing (Duration)": "2h 05m",
        "End (Arrival)": "BOM Mumbai , India",
        "End-Time": "17:35",
        "Price": "5,516",
        "Flight Unique Number": "UK - 933",
        "Layover": ""
    },
    {
        "Division": "Element division 22",
        "Type of Flight": "Vistara",
        "Start (Departure)": "DEL New Delhi , India",
        "Departure timing": "16:50",
        "Total timing (Duration)": "2h 15m",
        "End (Arrival)": "BOM Mumbai , India",
        "End-Time": "19:05",
        "Price": "5,516",
        "Flight Unique Number": "UK - 941",
        "Layover": ""
    },
    {
        "Division": "Element division 23",
        "Type of Flight": "Vistara",
        "Start (Departure)": "DEL New Delhi , India",
        "Departure timing": "19:45",
        "Total timing (Duration)": "2h 15m",
        "End (Arrival)": "BOM Mumbai , India",
        "End-Time": "22:00",
        "Price": "5,516",
        "Flight Unique Number": "UK - 985",
        "Layover": ""
    },
    {
        "Division": "Element division 24",
        "Type of Flight": "Vistara",
        "Start (Departure)": "DEL New Delhi , India",
        "Departure timing": "20:40",
        "Total timing (Duration)": "2h 25m",
        "End (Arrival)": "BOM Mumbai , India",
        "End-Time": "23:05",
        "Price": "5,516",
        "Flight Unique Number": "UK - 957",
        "Layover": ""
    },
    {
        "Division": "Element division 25",
        "Type of Flight": "Vistara",
        "Start (Departure)": "DEL New Delhi , India",
        "Departure timing": "21:30",
        "Total timing (Duration)": "2h 10m",
        "End (Arrival)": "BOM Mumbai , India",
        "End-Time": "23:40",
        "Price": "5,516",
        "Flight Unique Number": "UK - 981",
        "Layover": ""
    },
    {
        "Division": "Element division 26",
        "Type of Flight": "Vistara",
        "Start (Departure)": "DEL New Delhi , India",
        "Departure timing": "21:55",
        "Total timing (Duration)": "2h 20m",
        "End (Arrival)": "BOM Mumbai , India",
        "End-Time": "00:15",
        "Price": "5,516",
        "Flight Unique Number": "UK - 999",
        "Layover": ""
    },
    {
        "Division": "Element division 27",
        "Type of Flight": "IndiGo",
        "Start (Departure)": "DEL New Delhi , India",
        "Departure timing": "09:00",
        "Total timing (Duration)": "2h 05m",
        "End (Arrival)": "BOM Mumbai , India",
        "End-Time": "11:05",
        "Price": "5,565",
        "Flight Unique Number": "6E - 6107",
        "Layover": ""
    },
    {
        "Division": "Element division 28",
        "Type of Flight": "IndiGo",
        "Start (Departure)": "DEL New Delhi , India",
        "Departure timing": "02:15",
        "Total timing (Duration)": "2h 05m",
        "End (Arrival)": "BOM Mumbai , India",
        "End-Time": "04:20",
        "Price": "5,567",
        "Flight Unique Number": "6E - 2716",
        "Layover": ""
    },
    {
        "Division": "Element division 29",
        "Type of Flight": "IndiGo",
        "Start (Departure)": "DEL New Delhi , India",
        "Departure timing": "16:15",
        "Total timing (Duration)": "2h 05m",
        "End (Arrival)": "BOM Mumbai , India",
        "End-Time": "18:20",
        "Price": "5,567",
        "Flight Unique Number": "6E - 6318",
        "Layover": ""
    },
    {
        "Division": "Element division 30",
        "Type of Flight": "IndiGo",
        "Start (Departure)": "DEL New Delhi , India",
        "Departure timing": "20:40",
        "Total timing (Duration)": "3h 40m",
        "End (Arrival)": "BOM Mumbai , India",
        "End-Time": "00:20",
        "Price": "5,614",
        "Flight Unique Number": "6E - 2208",
        "Layover": "-IDR-"
    },
    {
        "Division": "Element division 31",
        "Type of Flight": "IndiGo",
        "Start (Departure)": "DEL New Delhi , India",
        "Departure timing": "19:30",
        "Total timing (Duration)": "3h 50m",
        "End (Arrival)": "BOM Mumbai , India",
        "End-Time": "23:20",
        "Price": "5,614",
        "Flight Unique Number": "6E - 5017",
        "Layover": "-BHO-"
    },
    {
        "Division": "Element division 32",
        "Type of Flight": "IndiGo",
        "Start (Departure)": "DEL New Delhi , India",
        "Departure timing": "04:45",
        "Total timing (Duration)": "4h 05m",
        "End (Arrival)": "BOM Mumbai , India",
        "End-Time": "08:50",
        "Price": "5,614",
        "Flight Unique Number": "6E - 5119",
        "Layover": "-AMD-"
    },
    {
        "Division": "Element division 33",
        "Type of Flight": "IndiGo",
        "Start (Departure)": "DEL New Delhi , India",
        "Departure timing": "17:40",
        "Total timing (Duration)": "4h 30m",
        "End (Arrival)": "BOM Mumbai , India",
        "End-Time": "22:10",
        "Price": "5,614",
        "Flight Unique Number": "6E - 2376",
        "Layover": "-IDR-"
    },
    {
        "Division": "Element division 34",
        "Type of Flight": "IndiGo",
        "Start (Departure)": "DEL New Delhi , India",
        "Departure timing": "05:05",
        "Total timing (Duration)": "4h 35m",
        "End (Arrival)": "BOM Mumbai , India",
        "End-Time": "09:40",
        "Price": "5,614",
        "Flight Unique Number": "6E - 2431",
        "Layover": "-NAG-"
    },
    {
        "Division": "Element division 35",
        "Type of Flight": "IndiGo",
        "Start (Departure)": "DEL New Delhi , India",
        "Departure timing": "07:20",
        "Total timing (Duration)": "4h 35m",
        "End (Arrival)": "BOM Mumbai , India",
        "End-Time": "11:55",
        "Price": "5,614",
        "Flight Unique Number": "6E - 2076",
        "Layover": "-AMD-"
    },
    {
        "Division": "Element division 36",
        "Type of Flight": "IndiGo",
        "Start (Departure)": "DEL New Delhi , India",
        "Departure timing": "05:10",
        "Total timing (Duration)": "4h 40m",
        "End (Arrival)": "BOM Mumbai , India",
        "End-Time": "09:50",
        "Price": "5,614",
        "Flight Unique Number": "6E - 2216",
        "Layover": "-IDR-"
    },
    {
        "Division": "Element division 37",
        "Type of Flight": "IndiGo",
        "Start (Departure)": "DEL New Delhi , India",
        "Departure timing": "12:45",
        "Total timing (Duration)": "4h 40m",
        "End (Arrival)": "BOM Mumbai , India",
        "End-Time": "17:25",
        "Price": "5,614",
        "Flight Unique Number": "6E - 5396",
        "Layover": "-KNU-"
    },
    {
        "Division": "Element division 38",
        "Type of Flight": "IndiGo",
        "Start (Departure)": "DEL New Delhi , India",
        "Departure timing": "20:55",
        "Total timing (Duration)": "4h 40m",
        "End (Arrival)": "BOM Mumbai , India",
        "End-Time": "01:35",
        "Price": "5,614",
        "Flight Unique Number": "6E - 2153",
        "Layover": "-AMD-"
    },
    {
        "Division": "Element division 39",
        "Type of Flight": "IndiGo",
        "Start (Departure)": "DEL New Delhi , India",
        "Departure timing": "20:15",
        "Total timing (Duration)": "4h 50m",
        "End (Arrival)": "BOM Mumbai , India",
        "End-Time": "01:05",
        "Price": "5,614",
        "Flight Unique Number": "6E - 382",
        "Layover": "-HYD-"
    },
    {
        "Division": "Element division 40",
        "Type of Flight": "IndiGo",
        "Start (Departure)": "DEL New Delhi , India",
        "Departure timing": "19:10",
        "Total timing (Duration)": "4h 55m",
        "End (Arrival)": "BOM Mumbai , India",
        "End-Time": "00:05",
        "Price": "5,614",
        "Flight Unique Number": "6E - 2501",
        "Layover": "-AMD-"
    },
    {
        "Division": "Element division 41",
        "Type of Flight": "IndiGo",
        "Start (Departure)": "DEL New Delhi , India",
        "Departure timing": "06:45",
        "Total timing (Duration)": "5h 00m",
        "End (Arrival)": "BOM Mumbai , India",
        "End-Time": "11:45",
        "Price": "5,614",
        "Flight Unique Number": "6E - 203",
        "Layover": "-HYD-"
    },
    {
        "Division": "Element division 42",
        "Type of Flight": "IndiGo",
        "Start (Departure)": "DEL New Delhi , India",
        "Departure timing": "13:25",
        "Total timing (Duration)": "5h 00m",
        "End (Arrival)": "BOM Mumbai , India",
        "End-Time": "18:25",
        "Price": "5,614",
        "Flight Unique Number": "6E - 129",
        "Layover": "-AMD-"
    },
    {
        "Division": "Element division 43",
        "Type of Flight": "IndiGo",
        "Start (Departure)": "DEL New Delhi , India",
        "Departure timing": "13:30",
        "Total timing (Duration)": "5h 00m",
        "End (Arrival)": "BOM Mumbai , India",
        "End-Time": "18:30",
        "Price": "5,614",
        "Flight Unique Number": "6E - 6601",
        "Layover": "-HYD-"
    },
    {
        "Division": "Element division 44",
        "Type of Flight": "IndiGo",
        "Start (Departure)": "DEL New Delhi , India",
        "Departure timing": "15:45",
        "Total timing (Duration)": "5h 00m",
        "End (Arrival)": "BOM Mumbai , India",
        "End-Time": "20:45",
        "Price": "5,614",
        "Flight Unique Number": "6E - 2187",
        "Layover": "-HSR-"
    },
    {
        "Division": "Element division 45",
        "Type of Flight": "IndiGo",
        "Start (Departure)": "DEL New Delhi , India",
        "Departure timing": "15:30",
        "Total timing (Duration)": "5h 05m",
        "End (Arrival)": "BOM Mumbai , India",
        "End-Time": "20:35",
        "Price": "5,614",
        "Flight Unique Number": "6E - 6212",
        "Layover": "-HYD-"
    },
    {
        "Division": "Element division 46",
        "Type of Flight": "IndiGo",
        "Start (Departure)": "DEL New Delhi , India",
        "Departure timing": "06:00",
        "Total timing (Duration)": "5h 10m",
        "End (Arrival)": "BOM Mumbai , India",
        "End-Time": "11:10",
        "Price": "5,614",
        "Flight Unique Number": "6E - 2302",
        "Layover": "-BHO-"
    },
    {
        "Division": "Element division 47",
        "Type of Flight": "IndiGo",
        "Start (Departure)": "DEL New Delhi , India",
        "Departure timing": "10:45",
        "Total timing (Duration)": "5h 10m",
        "End (Arrival)": "BOM Mumbai , India",
        "End-Time": "15:55",
        "Price": "5,614",
        "Flight Unique Number": "6E - 2065",
        "Layover": "-HYD-"
    },
    {
        "Division": "Element division 48",
        "Type of Flight": "IndiGo",
        "Start (Departure)": "DEL New Delhi , India",
        "Departure timing": "19:10",
        "Total timing (Duration)": "5h 10m",
        "End (Arrival)": "BOM Mumbai , India",
        "End-Time": "00:20",
        "Price": "5,614",
        "Flight Unique Number": "6E - 2235",
        "Layover": "-VNS-"
    },
    {
        "Division": "Element division 49",
        "Type of Flight": "IndiGo",
        "Start (Departure)": "DEL New Delhi , India",
        "Departure timing": "12:20",
        "Total timing (Duration)": "5h 15m",
        "End (Arrival)": "BOM Mumbai , India",
        "End-Time": "17:35",
        "Price": "5,614",
        "Flight Unique Number": "6E - 6205",
        "Layover": "-GOI-"
    },
    {
        "Division": "Element division 50",
        "Type of Flight": "IndiGo",
        "Start (Departure)": "DEL New Delhi , India",
        "Departure timing": "13:00",
        "Total timing (Duration)": "5h 15m",
        "End (Arrival)": "BOM Mumbai , India",
        "End-Time": "18:15",
        "Price": "5,614",
        "Flight Unique Number": "6E - 2113",
        "Layover": "-LKO-"
    },
    {
        "Division": "Element division 51",
        "Type of Flight": "IndiGo",
        "Start (Departure)": "DEL New Delhi , India",
        "Departure timing": "23:00",
        "Total timing (Duration)": "5h 25m",
        "End (Arrival)": "BOM Mumbai , India",
        "End-Time": "04:25",
        "Price": "5,614",
        "Flight Unique Number": "6E - 2013",
        "Layover": "-AMD-"
    },
    {
        "Division": "Element division 52",
        "Type of Flight": "IndiGo",
        "Start (Departure)": "DEL New Delhi , India",
        "Departure timing": "11:10",
        "Total timing (Duration)": "5h 30m",
        "End (Arrival)": "BOM Mumbai , India",
        "End-Time": "16:40",
        "Price": "5,614",
        "Flight Unique Number": "6E - 5076",
        "Layover": "-IXD-"
    },
    {
        "Division": "Element division 53",
        "Type of Flight": "IndiGo",
        "Start (Departure)": "DEL New Delhi , India",
        "Departure timing": "06:10",
        "Total timing (Duration)": "5h 45m",
        "End (Arrival)": "BOM Mumbai , India",
        "End-Time": "11:55",
        "Price": "5,614",
        "Flight Unique Number": "6E - 6261",
        "Layover": "-AMD-"
    },
    {
        "Division": "Element division 54",
        "Type of Flight": "IndiGo",
        "Start (Departure)": "DEL New Delhi , India",
        "Departure timing": "13:35",
        "Total timing (Duration)": "5h 55m",
        "End (Arrival)": "BOM Mumbai , India",
        "End-Time": "19:30",
        "Price": "5,614",
        "Flight Unique Number": "6E - 2701",
        "Layover": "-AYJ-"
    },
    {
        "Division": "Element division 55",
        "Type of Flight": "IndiGo",
        "Start (Departure)": "DEL New Delhi , India",
        "Departure timing": "17:00",
        "Total timing (Duration)": "6h 00m",
        "End (Arrival)": "BOM Mumbai , India",
        "End-Time": "23:00",
        "Price": "5,614",
        "Flight Unique Number": "6E - 6217",
        "Layover": "-HYD-"
    },
    {
        "Division": "Element division 56",
        "Type of Flight": "IndiGo",
        "Start (Departure)": "DEL New Delhi , India",
        "Departure timing": "19:25",
        "Total timing (Duration)": "6h 00m",
        "End (Arrival)": "BOM Mumbai , India",
        "End-Time": "01:25",
        "Price": "5,614",
        "Flight Unique Number": "6E - 6603",
        "Layover": "-GOI-"
    },
    {
        "Division": "Element division 57",
        "Type of Flight": "Vistara",
        "Start (Departure)": "DEL New Delhi , India",
        "Departure timing": "13:30",
        "Total timing (Duration)": "5h 30m",
        "End (Arrival)": "BOM Mumbai , India",
        "End-Time": "19:00",
        "Price": "5,652",
        "Flight Unique Number": "UK - 979",
        "Layover": "-AMD-"
    },
    {
        "Division": "Element division 58",
        "Type of Flight": "SpiceJet",
        "Start (Departure)": "DEL New Delhi , India",
        "Departure timing": "06:10",
        "Total timing (Duration)": "2h 10m",
        "End (Arrival)": "BOM Mumbai , India",
        "End-Time": "08:20",
        "Price": "5,663",
        "Flight Unique Number": "SG - 8157",
        "Layover": ""
    },
    {
        "Division": "Element division 59",
        "Type of Flight": "IndiGo",
        "Start (Departure)": "DEL New Delhi , India",
        "Departure timing": "06:00",
        "Total timing (Duration)": "1h 55m",
        "End (Arrival)": "BOM Mumbai , India",
        "End-Time": "07:55",
        "Price": "5,672",
        "Flight Unique Number": "6E - 6218",
        "Layover": ""
    },
    {
        "Division": "Element division 60",
        "Type of Flight": "IndiGo",
        "Start (Departure)": "DEL New Delhi , India",
        "Departure timing": "15:15",
        "Total timing (Duration)": "2h 05m",
        "End (Arrival)": "BOM Mumbai , India",
        "End-Time": "17:20",
        "Price": "5,672",
        "Flight Unique Number": "6E - 6022",
        "Layover": ""
    },
    {
        "Division": "Element division 61",
        "Type of Flight": "IndiGo",
        "Start (Departure)": "DEL New Delhi , India",
        "Departure timing": "17:15",
        "Total timing (Duration)": "2h 05m",
        "End (Arrival)": "BOM Mumbai , India",
        "End-Time": "19:20",
        "Price": "5,672",
        "Flight Unique Number": "6E - 864",
        "Layover": ""
    },
    {
        "Division": "Element division 62",
        "Type of Flight": "IndiGo",
        "Start (Departure)": "DEL New Delhi , India",
        "Departure timing": "19:15",
        "Total timing (Duration)": "2h 10m",
        "End (Arrival)": "BOM Mumbai , India",
        "End-Time": "21:25",
        "Price": "5,672",
        "Flight Unique Number": "6E - 354",
        "Layover": ""
    },
    {
        "Division": "Element division 63",
        "Type of Flight": "IndiGo",
        "Start (Departure)": "DEL New Delhi , India",
        "Departure timing": "20:00",
        "Total timing (Duration)": "2h 20m",
        "End (Arrival)": "BOM Mumbai , India",
        "End-Time": "22:20",
        "Price": "5,672",
        "Flight Unique Number": "6E - 6016",
        "Layover": ""
    },
    {
        "Division": "Element division 64",
        "Type of Flight": "IndiGo",
        "Start (Departure)": "DEL New Delhi , India",
        "Departure timing": "21:00",
        "Total timing (Duration)": "2h 15m",
        "End (Arrival)": "BOM Mumbai , India",
        "End-Time": "23:15",
        "Price": "5,672",
        "Flight Unique Number": "6E - 395",
        "Layover": ""
    },
    {
        "Division": "Element division 65",
        "Type of Flight": "IndiGo",
        "Start (Departure)": "DEL New Delhi , India",
        "Departure timing": "22:15",
        "Total timing (Duration)": "2h 10m",
        "End (Arrival)": "BOM Mumbai , India",
        "End-Time": "00:25",
        "Price": "5,672",
        "Flight Unique Number": "6E - 6114",
        "Layover": ""
    },
    {
        "Division": "Element division 66",
        "Type of Flight": "IndiGo",
        "Start (Departure)": "DEL New Delhi , India",
        "Departure timing": "23:30",
        "Total timing (Duration)": "2h 10m",
        "End (Arrival)": "BOM Mumbai , India",
        "End-Time": "01:40",
        "Price": "5,882",
        "Flight Unique Number": "6E - 519",
        "Layover": ""
    },
    {
        "Division": "Element division 67",
        "Type of Flight": "Vistara",
        "Start (Departure)": "DEL New Delhi , India",
        "Departure timing": "09:00",
        "Total timing (Duration)": "2h 10m",
        "End (Arrival)": "BOM Mumbai , India",
        "End-Time": "11:10",
        "Price": "5,923",
        "Flight Unique Number": "UK - 963",
        "Layover": ""
    },
    {
        "Division": "Element division 68",
        "Type of Flight": "Vistara",
        "Start (Departure)": "DEL New Delhi , India",
        "Departure timing": "09:30",
        "Total timing (Duration)": "2h 10m",
        "End (Arrival)": "BOM Mumbai , India",
        "End-Time": "11:40",
        "Price": "5,923",
        "Flight Unique Number": "UK - 927",
        "Layover": ""
    },
    {
        "Division": "Element division 69",
        "Type of Flight": "Vistara",
        "Start (Departure)": "DEL New Delhi , India",
        "Departure timing": "17:50",
        "Total timing (Duration)": "2h 10m",
        "End (Arrival)": "BOM Mumbai , India",
        "End-Time": "20:00",
        "Price": "5,923",
        "Flight Unique Number": "UK - 955",
        "Layover": ""
    }
]