[
    {
        "Division": "Element division 1",
        "Type of Flight": "Air India Express",
        "Start (Departure)": "DEL New Delhi , India",
        "Departure timing": "16:35",
        "Total timing (Duration)": "5h 55m",
        "End (Arrival)": "BOM Mumbai , India",
        "End-Time": "22:30",
        "Price": "4,771",
        "Flight Unique Number": "IX - 784",
        "Layover": "-LKO-"
    },
    {
        "Division": "Element division 2",
        "Type of Flight": "Multi-Airline",
        "Start (Departure)": "DEL New Delhi , India",
        "Departure timing": "12:55",
        "Total timing (Duration)": "9h 35m",
        "End (Arrival)": "BOM Mumbai , India",
        "End-Time": "22:30",
        "Price": "4,771",
        "Flight Unique Number": "I5 - 738",
        "Layover": "-LKO-"
    },
    {
        "Division": "Element division 3",
        "Type of Flight": "SpiceJet",
        "Start (Departure)": "DEL New Delhi , India",
        "Departure timing": "06:30",
        "Total timing (Duration)": "2h 30m",
        "End (Arrival)": "BOM Mumbai , India",
        "End-Time": "09:00",
        "Price": "5,290",
        "Flight Unique Number": "SG - 701",
        "Layover": ""
    },
    {
        "Division": "Element division 4",
        "Type of Flight": "Vistara",
        "Start (Departure)": "DEL New Delhi , India",
        "Departure timing": "02:30",
        "Total timing (Duration)": "2h 15m",
        "End (Arrival)": "BOM Mumbai , India",
        "End-Time": "04:45",
        "Price": "5,356",
        "Flight Unique Number": "UK - 983",
        "Layover": ""
    },
    {
        "Division": "Element division 5",
        "Type of Flight": "IndiGo",
        "Start (Departure)": "DEL New Delhi , India",
        "Departure timing": "02:00",
        "Total timing (Duration)": "2h 20m",
        "End (Arrival)": "BOM Mumbai , India",
        "End-Time": "04:20",
        "Price": "5,376",
        "Flight Unique Number": "6E - 2716",
        "Layover": ""
    },
    {
        "Division": "Element division 6",
        "Type of Flight": "IndiGo",
        "Start (Departure)": "DEL New Delhi , India",
        "Departure timing": "03:40",
        "Total timing (Duration)": "2h 05m",
        "End (Arrival)": "BOM Mumbai , India",
        "End-Time": "05:45",
        "Price": "5,376",
        "Flight Unique Number": "6E - 2766",
        "Layover": ""
    },
    {
        "Division": "Element division 7",
        "Type of Flight": "IndiGo",
        "Start (Departure)": "DEL New Delhi , India",
        "Departure timing": "05:30",
        "Total timing (Duration)": "2h 05m",
        "End (Arrival)": "BOM Mumbai , India",
        "End-Time": "07:35",
        "Price": "5,376",
        "Flight Unique Number": "6E - 449",
        "Layover": ""
    },
    {
        "Division": "Element division 8",
        "Type of Flight": "IndiGo",
        "Start (Departure)": "DEL New Delhi , India",
        "Departure timing": "06:30",
        "Total timing (Duration)": "2h 10m",
        "End (Arrival)": "BOM Mumbai , India",
        "End-Time": "08:40",
        "Price": "5,376",
        "Flight Unique Number": "6E - 6218",
        "Layover": ""
    },
    {
        "Division": "Element division 9",
        "Type of Flight": "IndiGo",
        "Start (Departure)": "DEL New Delhi , India",
        "Departure timing": "07:15",
        "Total timing (Duration)": "2h 10m",
        "End (Arrival)": "BOM Mumbai , India",
        "End-Time": "09:25",
        "Price": "5,376",
        "Flight Unique Number": "6E - 6814",
        "Layover": ""
    },
    {
        "Division": "Element division 10",
        "Type of Flight": "IndiGo",
        "Start (Departure)": "DEL New Delhi , India",
        "Departure timing": "08:00",
        "Total timing (Duration)": "2h 10m",
        "End (Arrival)": "BOM Mumbai , India",
        "End-Time": "10:10",
        "Price": "5,376",
        "Flight Unique Number": "6E - 675",
        "Layover": ""
    },
    {
        "Division": "Element division 11",
        "Type of Flight": "IndiGo",
        "Start (Departure)": "DEL New Delhi , India",
        "Departure timing": "08:45",
        "Total timing (Duration)": "2h 05m",
        "End (Arrival)": "BOM Mumbai , India",
        "End-Time": "10:50",
        "Price": "5,376",
        "Flight Unique Number": "6E - 6107",
        "Layover": ""
    },
    {
        "Division": "Element division 12",
        "Type of Flight": "IndiGo",
        "Start (Departure)": "DEL New Delhi , India",
        "Departure timing": "13:55",
        "Total timing (Duration)": "2h 15m",
        "End (Arrival)": "BOM Mumbai , India",
        "End-Time": "16:10",
        "Price": "5,376",
        "Flight Unique Number": "6E - 6676",
        "Layover": ""
    },
    {
        "Division": "Element division 13",
        "Type of Flight": "IndiGo",
        "Start (Departure)": "DEL New Delhi , India",
        "Departure timing": "16:15",
        "Total timing (Duration)": "2h 15m",
        "End (Arrival)": "BOM Mumbai , India",
        "End-Time": "18:30",
        "Price": "5,376",
        "Flight Unique Number": "6E - 6318",
        "Layover": ""
    },
    {
        "Division": "Element division 14",
        "Type of Flight": "IndiGo",
        "Start (Departure)": "DEL New Delhi , India",
        "Departure timing": "17:15",
        "Total timing (Duration)": "2h 10m",
        "End (Arrival)": "BOM Mumbai , India",
        "End-Time": "19:25",
        "Price": "5,376",
        "Flight Unique Number": "6E - 864",
        "Layover": ""
    },
    {
        "Division": "Element division 15",
        "Type of Flight": "Air India",
        "Start (Departure)": "DEL New Delhi , India",
        "Departure timing": "02:15",
        "Total timing (Duration)": "2h 10m",
        "End (Arrival)": "BOM Mumbai , India",
        "End-Time": "04:25",
        "Price": "5,398",
        "Flight Unique Number": "AI - 860",
        "Layover": ""
    },
    {
        "Division": "Element division 16",
        "Type of Flight": "Air India",
        "Start (Departure)": "DEL New Delhi , India",
        "Departure timing": "07:00",
        "Total timing (Duration)": "2h 15m",
        "End (Arrival)": "BOM Mumbai , India",
        "End-Time": "09:15",
        "Price": "5,398",
        "Flight Unique Number": "AI - 887",
        "Layover": ""
    },
    {
        "Division": "Element division 17",
        "Type of Flight": "Air India",
        "Start (Departure)": "DEL New Delhi , India",
        "Departure timing": "08:00",
        "Total timing (Duration)": "2h 15m",
        "End (Arrival)": "BOM Mumbai , India",
        "End-Time": "10:15",
        "Price": "5,398",
        "Flight Unique Number": "AI - 665",
        "Layover": ""
    },
    {
        "Division": "Element division 18",
        "Type of Flight": "Air India",
        "Start (Departure)": "DEL New Delhi , India",
        "Departure timing": "09:00",
        "Total timing (Duration)": "1h 55m",
        "End (Arrival)": "BOM Mumbai , India",
        "End-Time": "10:55",
        "Price": "5,398",
        "Flight Unique Number": "AI - 678",
        "Layover": ""
    },
    {
        "Division": "Element division 19",
        "Type of Flight": "Air India",
        "Start (Departure)": "DEL New Delhi , India",
        "Departure timing": "21:20",
        "Total timing (Duration)": "2h 10m",
        "End (Arrival)": "BOM Mumbai , India",
        "End-Time": "23:30",
        "Price": "5,398",
        "Flight Unique Number": "AI - 605",
        "Layover": ""
    },
    {
        "Division": "Element division 20",
        "Type of Flight": "IndiGo",
        "Start (Departure)": "DEL New Delhi , India",
        "Departure timing": "12:30",
        "Total timing (Duration)": "2h 20m",
        "End (Arrival)": "BOM Mumbai , India",
        "End-Time": "14:50",
        "Price": "5,481",
        "Flight Unique Number": "6E - 2009",
        "Layover": ""
    },
    {
        "Division": "Element division 21",
        "Type of Flight": "IndiGo",
        "Start (Departure)": "DEL New Delhi , India",
        "Departure timing": "22:15",
        "Total timing (Duration)": "2h 10m",
        "End (Arrival)": "BOM Mumbai , India",
        "End-Time": "00:25",
        "Price": "5,481",
        "Flight Unique Number": "6E - 6114",
        "Layover": ""
    },
    {
        "Division": "Element division 22",
        "Type of Flight": "SpiceJet",
        "Start (Departure)": "DEL New Delhi , India",
        "Departure timing": "17:35",
        "Total timing (Duration)": "2h 20m",
        "End (Arrival)": "BOM Mumbai , India",
        "End-Time": "19:55",
        "Price": "5,554",
        "Flight Unique Number": "SG - 8703",
        "Layover": ""
    },
    {
        "Division": "Element division 23",
        "Type of Flight": "SpiceJet",
        "Start (Departure)": "DEL New Delhi , India",
        "Departure timing": "20:00",
        "Total timing (Duration)": "2h 15m",
        "End (Arrival)": "BOM Mumbai , India",
        "End-Time": "22:15",
        "Price": "5,554",
        "Flight Unique Number": "SG - 8169",
        "Layover": ""
    },
    {
        "Division": "Element division 24",
        "Type of Flight": "SpiceJet",
        "Start (Departure)": "DEL New Delhi , India",
        "Departure timing": "22:55",
        "Total timing (Duration)": "2h 15m",
        "End (Arrival)": "BOM Mumbai , India",
        "End-Time": "01:10",
        "Price": "5,554",
        "Flight Unique Number": "SG - 111",
        "Layover": ""
    },
    {
        "Division": "Element division 25",
        "Type of Flight": "IndiGo",
        "Start (Departure)": "DEL New Delhi , India",
        "Departure timing": "18:15",
        "Total timing (Duration)": "2h 10m",
        "End (Arrival)": "BOM Mumbai , India",
        "End-Time": "20:25",
        "Price": "5,586",
        "Flight Unique Number": "6E - 2327",
        "Layover": ""
    },
    {
        "Division": "Element division 26",
        "Type of Flight": "Akasa Air",
        "Start (Departure)": "DEL New Delhi , India",
        "Departure timing": "08:25",
        "Total timing (Duration)": "2h 20m",
        "End (Arrival)": "BOM Mumbai , India",
        "End-Time": "10:45",
        "Price": "5,631",
        "Flight Unique Number": "QP - 1719",
        "Layover": ""
    },
    {
        "Division": "Element division 27",
        "Type of Flight": "Vistara",
        "Start (Departure)": "DEL New Delhi , India",
        "Departure timing": "21:20",
        "Total timing (Duration)": "8h 45m",
        "End (Arrival)": "BOM Mumbai , India",
        "End-Time": "06:05",
        "Price": "5,652",
        "Flight Unique Number": "UK - 929",
        "Layover": "-AMD-"
    },
    {
        "Division": "Element division 28",
        "Type of Flight": "Vistara",
        "Start (Departure)": "DEL New Delhi , India",
        "Departure timing": "18:00",
        "Total timing (Duration)": "12h 05m",
        "End (Arrival)": "BOM Mumbai , India",
        "End-Time": "06:05",
        "Price": "5,652",
        "Flight Unique Number": "UK - 969",
        "Layover": "-AMD-"
    },
    {
        "Division": "Element division 29",
        "Type of Flight": "Vistara",
        "Start (Departure)": "DEL New Delhi , India",
        "Departure timing": "13:25",
        "Total timing (Duration)": "16h 40m",
        "End (Arrival)": "BOM Mumbai , India",
        "End-Time": "06:05",
        "Price": "5,652",
        "Flight Unique Number": "UK - 979",
        "Layover": "-AMD-"
    },
    {
        "Division": "Element division 30",
        "Type of Flight": "Vistara",
        "Start (Departure)": "DEL New Delhi , India",
        "Departure timing": "06:30",
        "Total timing (Duration)": "23h 35m",
        "End (Arrival)": "BOM Mumbai , India",
        "End-Time": "06:05",
        "Price": "5,652",
        "Flight Unique Number": "UK - 959",
        "Layover": "-AMD-"
    },
    {
        "Division": "Element division 31",
        "Type of Flight": "IndiGo",
        "Start (Departure)": "DEL New Delhi , India",
        "Departure timing": "11:15",
        "Total timing (Duration)": "2h 15m",
        "End (Arrival)": "BOM Mumbai , India",
        "End-Time": "13:30",
        "Price": "5,796",
        "Flight Unique Number": "6E - 6047",
        "Layover": ""
    },
    {
        "Division": "Element division 32",
        "Type of Flight": "SpiceJet",
        "Start (Departure)": "DEL New Delhi , India",
        "Departure timing": "19:55",
        "Total timing (Duration)": "14h 50m",
        "End (Arrival)": "BOM Mumbai , India",
        "End-Time": "10:45",
        "Price": "5,812",
        "Flight Unique Number": "SG - 8193",
        "Layover": "-AMD-"
    },
    {
        "Division": "Element division 33",
        "Type of Flight": "IndiGo",
        "Start (Departure)": "DEL New Delhi , India",
        "Departure timing": "18:00",
        "Total timing (Duration)": "5h 25m",
        "End (Arrival)": "BOM Mumbai , India",
        "End-Time": "23:25",
        "Price": "5,915",
        "Flight Unique Number": "6E - 6576",
        "Layover": "-GOX-"
    },
    {
        "Division": "Element division 34",
        "Type of Flight": "Air India",
        "Start (Departure)": "DEL New Delhi , India",
        "Departure timing": "17:15",
        "Total timing (Duration)": "2h 20m",
        "End (Arrival)": "BOM Mumbai , India",
        "End-Time": "19:35",
        "Price": "5,923",
        "Flight Unique Number": "AI - 441",
        "Layover": ""
    },
    {
        "Division": "Element division 35",
        "Type of Flight": "Air India",
        "Start (Departure)": "DEL New Delhi , India",
        "Departure timing": "19:10",
        "Total timing (Duration)": "2h 15m",
        "End (Arrival)": "BOM Mumbai , India",
        "End-Time": "21:25",
        "Price": "5,923",
        "Flight Unique Number": "AI - 624",
        "Layover": ""
    },
    {
        "Division": "Element division 36",
        "Type of Flight": "Air India",
        "Start (Departure)": "DEL New Delhi , India",
        "Departure timing": "20:10",
        "Total timing (Duration)": "2h 15m",
        "End (Arrival)": "BOM Mumbai , India",
        "End-Time": "22:25",
        "Price": "5,923",
        "Flight Unique Number": "AI - 805",
        "Layover": ""
    },
    {
        "Division": "Element division 37",
        "Type of Flight": "Air India",
        "Start (Departure)": "DEL New Delhi , India",
        "Departure timing": "22:30",
        "Total timing (Duration)": "2h 20m",
        "End (Arrival)": "BOM Mumbai , India",
        "End-Time": "00:50",
        "Price": "5,923",
        "Flight Unique Number": "AI - 814",
        "Layover": ""
    },
    {
        "Division": "Element division 38",
        "Type of Flight": "IndiGo",
        "Start (Departure)": "DEL New Delhi , India",
        "Departure timing": "15:10",
        "Total timing (Duration)": "2h 10m",
        "End (Arrival)": "BOM Mumbai , India",
        "End-Time": "17:20",
        "Price": "6,006",
        "Flight Unique Number": "6E - 6022",
        "Layover": ""
    },
    {
        "Division": "Element division 39",
        "Type of Flight": "IndiGo",
        "Start (Departure)": "DEL New Delhi , India",
        "Departure timing": "21:00",
        "Total timing (Duration)": "2h 15m",
        "End (Arrival)": "BOM Mumbai , India",
        "End-Time": "23:15",
        "Price": "6,006",
        "Flight Unique Number": "6E - 395",
        "Layover": ""
    },
    {
        "Division": "Element division 40",
        "Type of Flight": "Air India Express",
        "Start (Departure)": "DEL New Delhi , India",
        "Departure timing": "05:00",
        "Total timing (Duration)": "6h 30m",
        "End (Arrival)": "BOM Mumbai , India",
        "End-Time": "11:30",
        "Price": "6,059",
        "Flight Unique Number": "I5 - 743",
        "Layover": "-JAI-"
    },
    {
        "Division": "Element division 41",
        "Type of Flight": "Air India Express",
        "Start (Departure)": "DEL New Delhi , India",
        "Departure timing": "20:15",
        "Total timing (Duration)": "8h 30m",
        "End (Arrival)": "BOM Mumbai , India",
        "End-Time": "04:45",
        "Price": "6,059",
        "Flight Unique Number": "I5 - 560",
        "Layover": "-GOI - BLR-"
    },
    {
        "Division": "Element division 42",
        "Type of Flight": "IndiGo",
        "Start (Departure)": "DEL New Delhi , India",
        "Departure timing": "21:10",
        "Total timing (Duration)": "4h 00m",
        "End (Arrival)": "BOM Mumbai , India",
        "End-Time": "01:10",
        "Price": "6,148",
        "Flight Unique Number": "6E - 2042",
        "Layover": "-JAI-"
    },
    {
        "Division": "Element division 43",
        "Type of Flight": "IndiGo",
        "Start (Departure)": "DEL New Delhi , India",
        "Departure timing": "06:50",
        "Total timing (Duration)": "4h 20m",
        "End (Arrival)": "BOM Mumbai , India",
        "End-Time": "11:10",
        "Price": "6,148",
        "Flight Unique Number": "6E - 2411",
        "Layover": "-JDH-"
    },
    {
        "Division": "Element division 44",
        "Type of Flight": "IndiGo",
        "Start (Departure)": "DEL New Delhi , India",
        "Departure timing": "12:55",
        "Total timing (Duration)": "4h 35m",
        "End (Arrival)": "BOM Mumbai , India",
        "End-Time": "17:30",
        "Price": "6,148",
        "Flight Unique Number": "6E - 5396",
        "Layover": "-KNU-"
    },
    {
        "Division": "Element division 45",
        "Type of Flight": "IndiGo",
        "Start (Departure)": "DEL New Delhi , India",
        "Departure timing": "17:55",
        "Total timing (Duration)": "4h 45m",
        "End (Arrival)": "BOM Mumbai , India",
        "End-Time": "22:40",
        "Price": "6,148",
        "Flight Unique Number": "6E - 2651",
        "Layover": "-NAG-"
    },
    {
        "Division": "Element division 46",
        "Type of Flight": "IndiGo",
        "Start (Departure)": "DEL New Delhi , India",
        "Departure timing": "04:45",
        "Total timing (Duration)": "5h 00m",
        "End (Arrival)": "BOM Mumbai , India",
        "End-Time": "09:45",
        "Price": "6,148",
        "Flight Unique Number": "6E - 5119",
        "Layover": "-AMD-"
    },
    {
        "Division": "Element division 47",
        "Type of Flight": "IndiGo",
        "Start (Departure)": "DEL New Delhi , India",
        "Departure timing": "06:45",
        "Total timing (Duration)": "5h 00m",
        "End (Arrival)": "BOM Mumbai , India",
        "End-Time": "11:45",
        "Price": "6,148",
        "Flight Unique Number": "6E - 203",
        "Layover": "-HYD-"
    },
    {
        "Division": "Element division 48",
        "Type of Flight": "IndiGo",
        "Start (Departure)": "DEL New Delhi , India",
        "Departure timing": "11:00",
        "Total timing (Duration)": "5h 15m",
        "End (Arrival)": "BOM Mumbai , India",
        "End-Time": "16:15",
        "Price": "6,148",
        "Flight Unique Number": "6E - 6437",
        "Layover": "-GWL-"
    },
    {
        "Division": "Element division 49",
        "Type of Flight": "IndiGo",
        "Start (Departure)": "DEL New Delhi , India",
        "Departure timing": "15:30",
        "Total timing (Duration)": "5h 15m",
        "End (Arrival)": "BOM Mumbai , India",
        "End-Time": "20:45",
        "Price": "6,148",
        "Flight Unique Number": "6E - 6212",
        "Layover": "-HYD-"
    },
    {
        "Division": "Element division 50",
        "Type of Flight": "IndiGo",
        "Start (Departure)": "DEL New Delhi , India",
        "Departure timing": "05:00",
        "Total timing (Duration)": "5h 35m",
        "End (Arrival)": "BOM Mumbai , India",
        "End-Time": "10:35",
        "Price": "6,148",
        "Flight Unique Number": "6E - 2337",
        "Layover": "-HYD-"
    },
    {
        "Division": "Element division 51",
        "Type of Flight": "IndiGo",
        "Start (Departure)": "DEL New Delhi , India",
        "Departure timing": "08:15",
        "Total timing (Duration)": "5h 35m",
        "End (Arrival)": "BOM Mumbai , India",
        "End-Time": "13:50",
        "Price": "6,148",
        "Flight Unique Number": "6E - 5774",
        "Layover": "-HYD-"
    },
    {
        "Division": "Element division 52",
        "Type of Flight": "IndiGo",
        "Start (Departure)": "DEL New Delhi , India",
        "Departure timing": "18:45",
        "Total timing (Duration)": "5h 35m",
        "End (Arrival)": "BOM Mumbai , India",
        "End-Time": "00:20",
        "Price": "6,148",
        "Flight Unique Number": "6E - 5605",
        "Layover": "-HYD-"
    },
    {
        "Division": "Element division 53",
        "Type of Flight": "IndiGo",
        "Start (Departure)": "DEL New Delhi , India",
        "Departure timing": "06:50",
        "Total timing (Duration)": "5h 40m",
        "End (Arrival)": "BOM Mumbai , India",
        "End-Time": "12:30",
        "Price": "6,148",
        "Flight Unique Number": "6E - 6232",
        "Layover": "-BHO-"
    },
    {
        "Division": "Element division 54",
        "Type of Flight": "IndiGo",
        "Start (Departure)": "DEL New Delhi , India",
        "Departure timing": "03:00",
        "Total timing (Duration)": "5h 50m",
        "End (Arrival)": "BOM Mumbai , India",
        "End-Time": "08:50",
        "Price": "6,148",
        "Flight Unique Number": "6E - 2375",
        "Layover": "-BLR-"
    },
    {
        "Division": "Element division 55",
        "Type of Flight": "IndiGo",
        "Start (Departure)": "DEL New Delhi , India",
        "Departure timing": "12:20",
        "Total timing (Duration)": "5h 55m",
        "End (Arrival)": "BOM Mumbai , India",
        "End-Time": "18:15",
        "Price": "6,148",
        "Flight Unique Number": "6E - 2113",
        "Layover": "-HYD-"
    },
    {
        "Division": "Element division 56",
        "Type of Flight": "IndiGo",
        "Start (Departure)": "DEL New Delhi , India",
        "Departure timing": "19:30",
        "Total timing (Duration)": "5h 55m",
        "End (Arrival)": "BOM Mumbai , India",
        "End-Time": "01:25",
        "Price": "6,148",
        "Flight Unique Number": "6E - 2603",
        "Layover": "-MAA-"
    },
    {
        "Division": "Element division 57",
        "Type of Flight": "IndiGo",
        "Start (Departure)": "DEL New Delhi , India",
        "Departure timing": "07:00",
        "Total timing (Duration)": "6h 05m",
        "End (Arrival)": "BOM Mumbai , India",
        "End-Time": "13:05",
        "Price": "6,148",
        "Flight Unique Number": "6E - 6403",
        "Layover": "-BLR-"
    },
    {
        "Division": "Element division 58",
        "Type of Flight": "IndiGo",
        "Start (Departure)": "DEL New Delhi , India",
        "Departure timing": "09:30",
        "Total timing (Duration)": "6h 10m",
        "End (Arrival)": "BOM Mumbai , India",
        "End-Time": "15:40",
        "Price": "6,148",
        "Flight Unique Number": "6E - 6608",
        "Layover": "-BLR-"
    },
    {
        "Division": "Element division 59",
        "Type of Flight": "IndiGo",
        "Start (Departure)": "DEL New Delhi , India",
        "Departure timing": "16:30",
        "Total timing (Duration)": "6h 10m",
        "End (Arrival)": "BOM Mumbai , India",
        "End-Time": "22:40",
        "Price": "6,148",
        "Flight Unique Number": "6E - 5641",
        "Layover": "-NAG-"
    },
    {
        "Division": "Element division 60",
        "Type of Flight": "IndiGo",
        "Start (Departure)": "DEL New Delhi , India",
        "Departure timing": "23:05",
        "Total timing (Duration)": "2h 20m",
        "End (Arrival)": "BOM Mumbai , India",
        "End-Time": "01:25",
        "Price": "6,216",
        "Flight Unique Number": "6E - 519",
        "Layover": ""
    },
    {
        "Division": "Element division 61",
        "Type of Flight": "Akasa Air",
        "Start (Departure)": "DEL New Delhi , India",
        "Departure timing": "15:55",
        "Total timing (Duration)": "2h 25m",
        "End (Arrival)": "BOM Mumbai , India",
        "End-Time": "18:20",
        "Price": "6,409",
        "Flight Unique Number": "QP - 1128",
        "Layover": ""
    },
    {
        "Division": "Element division 62",
        "Type of Flight": "Vistara",
        "Start (Departure)": "DEL New Delhi , India",
        "Departure timing": "08:50",
        "Total timing (Duration)": "2h 20m",
        "End (Arrival)": "BOM Mumbai , India",
        "End-Time": "11:10",
        "Price": "6,490",
        "Flight Unique Number": "UK - 963",
        "Layover": ""
    },
    {
        "Division": "Element division 63",
        "Type of Flight": "Vistara",
        "Start (Departure)": "DEL New Delhi , India",
        "Departure timing": "09:30",
        "Total timing (Duration)": "2h 10m",
        "End (Arrival)": "BOM Mumbai , India",
        "End-Time": "11:40",
        "Price": "6,490",
        "Flight Unique Number": "UK - 927",
        "Layover": ""
    }
]