[
    {
        "Division": "Element division 1",
        "Type of Flight": "SpiceJet",
        "Start (Departure)": "CCU Kolkata , India",
        "Departure timing": "06:35",
        "Total timing (Duration)": "2h 30m",
        "End (Arrival)": "DEL New Delhi , India",
        "End-Time": "09:05",
        "Price": "6,007",
        "Flight Unique Number": "SG - 8373",
        "Layover": ""
    },
    {
        "Division": "Element division 2",
        "Type of Flight": "SpiceJet",
        "Start (Departure)": "CCU Kolkata , India",
        "Departure timing": "22:00",
        "Total timing (Duration)": "2h 20m",
        "End (Arrival)": "DEL New Delhi , India",
        "End-Time": "00:20",
        "Price": "6,007",
        "Flight Unique Number": "SG - 8265",
        "Layover": ""
    },
    {
        "Division": "Element division 3",
        "Type of Flight": "IndiGo",
        "Start (Departure)": "CCU Kolkata , India",
        "Departure timing": "05:30",
        "Total timing (Duration)": "2h 20m",
        "End (Arrival)": "DEL New Delhi , India",
        "End-Time": "07:50",
        "Price": "6,332",
        "Flight Unique Number": "6E - 474",
        "Layover": ""
    },
    {
        "Division": "Element division 4",
        "Type of Flight": "IndiGo",
        "Start (Departure)": "CCU Kolkata , India",
        "Departure timing": "16:30",
        "Total timing (Duration)": "2h 20m",
        "End (Arrival)": "DEL New Delhi , India",
        "End-Time": "18:50",
        "Price": "6,332",
        "Flight Unique Number": "6E - 6516",
        "Layover": ""
    },
    {
        "Division": "Element division 5",
        "Type of Flight": "IndiGo",
        "Start (Departure)": "CCU Kolkata , India",
        "Departure timing": "18:00",
        "Total timing (Duration)": "2h 20m",
        "End (Arrival)": "DEL New Delhi , India",
        "End-Time": "20:20",
        "Price": "6,332",
        "Flight Unique Number": "6E - 6183",
        "Layover": ""
    },
    {
        "Division": "Element division 6",
        "Type of Flight": "IndiGo",
        "Start (Departure)": "CCU Kolkata , India",
        "Departure timing": "19:30",
        "Total timing (Duration)": "2h 20m",
        "End (Arrival)": "DEL New Delhi , India",
        "End-Time": "21:50",
        "Price": "6,332",
        "Flight Unique Number": "6E - 493",
        "Layover": ""
    },
    {
        "Division": "Element division 7",
        "Type of Flight": "IndiGo",
        "Start (Departure)": "CCU Kolkata , India",
        "Departure timing": "21:00",
        "Total timing (Duration)": "2h 30m",
        "End (Arrival)": "DEL New Delhi , India",
        "End-Time": "23:30",
        "Price": "6,332",
        "Flight Unique Number": "6E - 224",
        "Layover": ""
    },
    {
        "Division": "Element division 8",
        "Type of Flight": "IndiGo",
        "Start (Departure)": "CCU Kolkata , India",
        "Departure timing": "22:30",
        "Total timing (Duration)": "2h 20m",
        "End (Arrival)": "DEL New Delhi , India",
        "End-Time": "00:50",
        "Price": "6,332",
        "Flight Unique Number": "6E - 2415",
        "Layover": ""
    },
    {
        "Division": "Element division 9",
        "Type of Flight": "Vistara",
        "Start (Departure)": "CCU Kolkata , India",
        "Departure timing": "07:10",
        "Total timing (Duration)": "2h 25m",
        "End (Arrival)": "DEL New Delhi , India",
        "End-Time": "09:35",
        "Price": "6,500",
        "Flight Unique Number": "UK - 720",
        "Layover": ""
    },
    {
        "Division": "Element division 10",
        "Type of Flight": "Vistara",
        "Start (Departure)": "CCU Kolkata , India",
        "Departure timing": "18:45",
        "Total timing (Duration)": "2h 35m",
        "End (Arrival)": "DEL New Delhi , India",
        "End-Time": "21:20",
        "Price": "6,500",
        "Flight Unique Number": "UK - 738",
        "Layover": ""
    },
    {
        "Division": "Element division 11",
        "Type of Flight": "Vistara",
        "Start (Departure)": "CCU Kolkata , India",
        "Departure timing": "20:25",
        "Total timing (Duration)": "2h 15m",
        "End (Arrival)": "DEL New Delhi , India",
        "End-Time": "22:40",
        "Price": "6,500",
        "Flight Unique Number": "UK - 708",
        "Layover": ""
    },
    {
        "Division": "Element division 12",
        "Type of Flight": "Vistara",
        "Start (Departure)": "CCU Kolkata , India",
        "Departure timing": "10:25",
        "Total timing (Duration)": "2h 15m",
        "End (Arrival)": "DEL New Delhi , India",
        "End-Time": "12:40",
        "Price": "6,532",
        "Flight Unique Number": "UK - 706",
        "Layover": ""
    },
    {
        "Division": "Element division 13",
        "Type of Flight": "Vistara",
        "Start (Departure)": "CCU Kolkata , India",
        "Departure timing": "15:20",
        "Total timing (Duration)": "2h 30m",
        "End (Arrival)": "DEL New Delhi , India",
        "End-Time": "17:50",
        "Price": "6,532",
        "Flight Unique Number": "UK - 778",
        "Layover": ""
    },
    {
        "Division": "Element division 14",
        "Type of Flight": "IndiGo",
        "Start (Departure)": "CCU Kolkata , India",
        "Departure timing": "07:55",
        "Total timing (Duration)": "4h 00m",
        "End (Arrival)": "DEL New Delhi , India",
        "End-Time": "11:55",
        "Price": "6,569",
        "Flight Unique Number": "6E - 822",
        "Layover": "-VNS-"
    },
    {
        "Division": "Element division 15",
        "Type of Flight": "IndiGo",
        "Start (Departure)": "CCU Kolkata , India",
        "Departure timing": "18:10",
        "Total timing (Duration)": "4h 00m",
        "End (Arrival)": "DEL New Delhi , India",
        "End-Time": "22:10",
        "Price": "6,569",
        "Flight Unique Number": "6E - 895",
        "Layover": "-PAT-"
    },
    {
        "Division": "Element division 16",
        "Type of Flight": "IndiGo",
        "Start (Departure)": "CCU Kolkata , India",
        "Departure timing": "14:15",
        "Total timing (Duration)": "4h 05m",
        "End (Arrival)": "DEL New Delhi , India",
        "End-Time": "18:20",
        "Price": "6,569",
        "Flight Unique Number": "6E - 6917",
        "Layover": "-PAT-"
    },
    {
        "Division": "Element division 17",
        "Type of Flight": "IndiGo",
        "Start (Departure)": "CCU Kolkata , India",
        "Departure timing": "14:40",
        "Total timing (Duration)": "4h 25m",
        "End (Arrival)": "DEL New Delhi , India",
        "End-Time": "19:05",
        "Price": "6,569",
        "Flight Unique Number": "6E - 394",
        "Layover": "-JAI-"
    },
    {
        "Division": "Element division 18",
        "Type of Flight": "IndiGo",
        "Start (Departure)": "CCU Kolkata , India",
        "Departure timing": "06:40",
        "Total timing (Duration)": "4h 35m",
        "End (Arrival)": "DEL New Delhi , India",
        "End-Time": "11:15",
        "Price": "6,569",
        "Flight Unique Number": "6E - 139",
        "Layover": "-RPR-"
    },
    {
        "Division": "Element division 19",
        "Type of Flight": "IndiGo",
        "Start (Departure)": "CCU Kolkata , India",
        "Departure timing": "17:25",
        "Total timing (Duration)": "4h 55m",
        "End (Arrival)": "DEL New Delhi , India",
        "End-Time": "22:20",
        "Price": "6,569",
        "Flight Unique Number": "6E - 6717",
        "Layover": "-BBI-"
    },
    {
        "Division": "Element division 20",
        "Type of Flight": "IndiGo",
        "Start (Departure)": "CCU Kolkata , India",
        "Departure timing": "18:15",
        "Total timing (Duration)": "5h 10m",
        "End (Arrival)": "DEL New Delhi , India",
        "End-Time": "23:25",
        "Price": "6,569",
        "Flight Unique Number": "6E - 114",
        "Layover": "-JAI-"
    },
    {
        "Division": "Element division 21",
        "Type of Flight": "IndiGo",
        "Start (Departure)": "CCU Kolkata , India",
        "Departure timing": "07:15",
        "Total timing (Duration)": "5h 20m",
        "End (Arrival)": "DEL New Delhi , India",
        "End-Time": "12:35",
        "Price": "6,569",
        "Flight Unique Number": "6E - 713",
        "Layover": "-PAT-"
    },
    {
        "Division": "Element division 22",
        "Type of Flight": "IndiGo",
        "Start (Departure)": "CCU Kolkata , India",
        "Departure timing": "11:00",
        "Total timing (Duration)": "5h 30m",
        "End (Arrival)": "DEL New Delhi , India",
        "End-Time": "16:30",
        "Price": "6,569",
        "Flight Unique Number": "6E - 6152",
        "Layover": "-IXR-"
    },
    {
        "Division": "Element division 23",
        "Type of Flight": "IndiGo",
        "Start (Departure)": "CCU Kolkata , India",
        "Departure timing": "08:40",
        "Total timing (Duration)": "5h 40m",
        "End (Arrival)": "DEL New Delhi , India",
        "End-Time": "14:20",
        "Price": "6,569",
        "Flight Unique Number": "6E - 6513",
        "Layover": "-HYD-"
    },
    {
        "Division": "Element division 24",
        "Type of Flight": "IndiGo",
        "Start (Departure)": "CCU Kolkata , India",
        "Departure timing": "15:10",
        "Total timing (Duration)": "5h 40m",
        "End (Arrival)": "DEL New Delhi , India",
        "End-Time": "20:50",
        "Price": "6,569",
        "Flight Unique Number": "6E - 6908",
        "Layover": "-HYD-"
    },
    {
        "Division": "Element division 25",
        "Type of Flight": "IndiGo",
        "Start (Departure)": "CCU Kolkata , India",
        "Departure timing": "18:30",
        "Total timing (Duration)": "5h 40m",
        "End (Arrival)": "DEL New Delhi , India",
        "End-Time": "00:10",
        "Price": "6,569",
        "Flight Unique Number": "6E - 798",
        "Layover": "-IDR-"
    },
    {
        "Division": "Element division 26",
        "Type of Flight": "IndiGo",
        "Start (Departure)": "CCU Kolkata , India",
        "Departure timing": "05:20",
        "Total timing (Duration)": "5h 45m",
        "End (Arrival)": "DEL New Delhi , India",
        "End-Time": "11:05",
        "Price": "6,569",
        "Flight Unique Number": "6E - 6623",
        "Layover": "-HYD-"
    },
    {
        "Division": "Element division 27",
        "Type of Flight": "IndiGo",
        "Start (Departure)": "CCU Kolkata , India",
        "Departure timing": "16:00",
        "Total timing (Duration)": "6h 10m",
        "End (Arrival)": "DEL New Delhi , India",
        "End-Time": "22:10",
        "Price": "6,569",
        "Flight Unique Number": "6E - 6206",
        "Layover": "-BOM-"
    },
    {
        "Division": "Element division 28",
        "Type of Flight": "IndiGo",
        "Start (Departure)": "CCU Kolkata , India",
        "Departure timing": "11:15",
        "Total timing (Duration)": "6h 20m",
        "End (Arrival)": "DEL New Delhi , India",
        "End-Time": "17:35",
        "Price": "6,569",
        "Flight Unique Number": "6E - 334",
        "Layover": "-HYD-"
    },
    {
        "Division": "Element division 29",
        "Type of Flight": "IndiGo",
        "Start (Departure)": "CCU Kolkata , India",
        "Departure timing": "00:50",
        "Total timing (Duration)": "6h 30m",
        "End (Arrival)": "DEL New Delhi , India",
        "End-Time": "07:20",
        "Price": "6,569",
        "Flight Unique Number": "6E - 6472",
        "Layover": "-PNQ-"
    },
    {
        "Division": "Element division 30",
        "Type of Flight": "IndiGo",
        "Start (Departure)": "CCU Kolkata , India",
        "Departure timing": "16:35",
        "Total timing (Duration)": "6h 35m",
        "End (Arrival)": "DEL New Delhi , India",
        "End-Time": "23:10",
        "Price": "6,569",
        "Flight Unique Number": "6E - 417",
        "Layover": "-RPR-"
    },
    {
        "Division": "Element division 31",
        "Type of Flight": "IndiGo",
        "Start (Departure)": "CCU Kolkata , India",
        "Departure timing": "05:35",
        "Total timing (Duration)": "6h 45m",
        "End (Arrival)": "DEL New Delhi , India",
        "End-Time": "12:20",
        "Price": "6,569",
        "Flight Unique Number": "6E - 6139",
        "Layover": "-LKO-"
    },
    {
        "Division": "Element division 32",
        "Type of Flight": "IndiGo",
        "Start (Departure)": "CCU Kolkata , India",
        "Departure timing": "06:10",
        "Total timing (Duration)": "6h 50m",
        "End (Arrival)": "DEL New Delhi , India",
        "End-Time": "13:00",
        "Price": "6,569",
        "Flight Unique Number": "6E - 245",
        "Layover": "-AMD-"
    },
    {
        "Division": "Element division 33",
        "Type of Flight": "IndiGo",
        "Start (Departure)": "CCU Kolkata , India",
        "Departure timing": "17:00",
        "Total timing (Duration)": "6h 50m",
        "End (Arrival)": "DEL New Delhi , India",
        "End-Time": "23:50",
        "Price": "6,569",
        "Flight Unique Number": "6E - 6528",
        "Layover": "-HYD-"
    },
    {
        "Division": "Element division 34",
        "Type of Flight": "IndiGo",
        "Start (Departure)": "CCU Kolkata , India",
        "Departure timing": "16:10",
        "Total timing (Duration)": "6h 55m",
        "End (Arrival)": "DEL New Delhi , India",
        "End-Time": "23:05",
        "Price": "6,569",
        "Flight Unique Number": "6E - 292",
        "Layover": "-AMD-"
    },
    {
        "Division": "Element division 35",
        "Type of Flight": "IndiGo",
        "Start (Departure)": "CCU Kolkata , India",
        "Departure timing": "09:25",
        "Total timing (Duration)": "7h 00m",
        "End (Arrival)": "DEL New Delhi , India",
        "End-Time": "16:25",
        "Price": "6,569",
        "Flight Unique Number": "6E - 5297",
        "Layover": "-BOM-"
    },
    {
        "Division": "Element division 36",
        "Type of Flight": "IndiGo",
        "Start (Departure)": "CCU Kolkata , India",
        "Departure timing": "18:30",
        "Total timing (Duration)": "7h 05m",
        "End (Arrival)": "DEL New Delhi , India",
        "End-Time": "01:35",
        "Price": "6,569",
        "Flight Unique Number": "6E - 5128",
        "Layover": "-BOM-"
    },
    {
        "Division": "Element division 37",
        "Type of Flight": "IndiGo",
        "Start (Departure)": "CCU Kolkata , India",
        "Departure timing": "07:50",
        "Total timing (Duration)": "4h 15m",
        "End (Arrival)": "DEL New Delhi , India",
        "End-Time": "12:05",
        "Price": "6,674",
        "Flight Unique Number": "6E - 6785",
        "Layover": "-IXB-"
    },
    {
        "Division": "Element division 38",
        "Type of Flight": "IndiGo",
        "Start (Departure)": "CCU Kolkata , India",
        "Departure timing": "12:40",
        "Total timing (Duration)": "5h 15m",
        "End (Arrival)": "DEL New Delhi , India",
        "End-Time": "17:55",
        "Price": "6,674",
        "Flight Unique Number": "6E - 751",
        "Layover": "-IXB-"
    },
    {
        "Division": "Element division 39",
        "Type of Flight": "IndiGo",
        "Start (Departure)": "CCU Kolkata , India",
        "Departure timing": "06:45",
        "Total timing (Duration)": "2h 10m",
        "End (Arrival)": "DEL New Delhi , India",
        "End-Time": "08:55",
        "Price": "6,962",
        "Flight Unique Number": "6E - 2472",
        "Layover": ""
    },
    {
        "Division": "Element division 40",
        "Type of Flight": "IndiGo",
        "Start (Departure)": "CCU Kolkata , India",
        "Departure timing": "10:05",
        "Total timing (Duration)": "2h 15m",
        "End (Arrival)": "DEL New Delhi , India",
        "End-Time": "12:20",
        "Price": "6,962",
        "Flight Unique Number": "6E - 6245",
        "Layover": ""
    },
    {
        "Division": "Element division 41",
        "Type of Flight": "IndiGo",
        "Start (Departure)": "CCU Kolkata , India",
        "Departure timing": "12:15",
        "Total timing (Duration)": "2h 25m",
        "End (Arrival)": "DEL New Delhi , India",
        "End-Time": "14:40",
        "Price": "6,962",
        "Flight Unique Number": "6E - 6358",
        "Layover": ""
    },
    {
        "Division": "Element division 42",
        "Type of Flight": "IndiGo",
        "Start (Departure)": "CCU Kolkata , India",
        "Departure timing": "14:30",
        "Total timing (Duration)": "2h 30m",
        "End (Arrival)": "DEL New Delhi , India",
        "End-Time": "17:00",
        "Price": "6,962",
        "Flight Unique Number": "6E - 2759",
        "Layover": ""
    },
    {
        "Division": "Element division 43",
        "Type of Flight": "Air India",
        "Start (Departure)": "CCU Kolkata , India",
        "Departure timing": "06:40",
        "Total timing (Duration)": "2h 35m",
        "End (Arrival)": "DEL New Delhi , India",
        "End-Time": "09:15",
        "Price": "6,968",
        "Flight Unique Number": "AI - 763",
        "Layover": ""
    },
    {
        "Division": "Element division 44",
        "Type of Flight": "Air India",
        "Start (Departure)": "CCU Kolkata , India",
        "Departure timing": "09:55",
        "Total timing (Duration)": "2h 35m",
        "End (Arrival)": "DEL New Delhi , India",
        "End-Time": "12:30",
        "Price": "6,968",
        "Flight Unique Number": "AI - 769",
        "Layover": ""
    },
    {
        "Division": "Element division 45",
        "Type of Flight": "Air India",
        "Start (Departure)": "CCU Kolkata , India",
        "Departure timing": "15:30",
        "Total timing (Duration)": "2h 40m",
        "End (Arrival)": "DEL New Delhi , India",
        "End-Time": "18:10",
        "Price": "6,968",
        "Flight Unique Number": "AI - 768",
        "Layover": ""
    },
    {
        "Division": "Element division 46",
        "Type of Flight": "Air India",
        "Start (Departure)": "CCU Kolkata , India",
        "Departure timing": "20:00",
        "Total timing (Duration)": "2h 35m",
        "End (Arrival)": "DEL New Delhi , India",
        "End-Time": "22:35",
        "Price": "6,968",
        "Flight Unique Number": "AI - 770",
        "Layover": ""
    },
    {
        "Division": "Element division 47",
        "Type of Flight": "IndiGo",
        "Start (Departure)": "CCU Kolkata , India",
        "Departure timing": "06:25",
        "Total timing (Duration)": "4h 55m",
        "End (Arrival)": "DEL New Delhi , India",
        "End-Time": "11:20",
        "Price": "7,216",
        "Flight Unique Number": "6E - 7561",
        "Layover": "-IXR-"
    },
    {
        "Division": "Element division 48",
        "Type of Flight": "IndiGo",
        "Start (Departure)": "CCU Kolkata , India",
        "Departure timing": "18:05",
        "Total timing (Duration)": "5h 05m",
        "End (Arrival)": "DEL New Delhi , India",
        "End-Time": "23:10",
        "Price": "7,216",
        "Flight Unique Number": "6E - 7215",
        "Layover": "-RPR-"
    },
    {
        "Division": "Element division 49",
        "Type of Flight": "IndiGo",
        "Start (Departure)": "CCU Kolkata , India",
        "Departure timing": "08:15",
        "Total timing (Duration)": "2h 10m",
        "End (Arrival)": "DEL New Delhi , India",
        "End-Time": "10:25",
        "Price": "7,592",
        "Flight Unique Number": "6E - 6004",
        "Layover": ""
    },
    {
        "Division": "Element division 50",
        "Type of Flight": "Air India Express",
        "Start (Departure)": "CCU Kolkata , India",
        "Departure timing": "09:55",
        "Total timing (Duration)": "4h 20m",
        "End (Arrival)": "DEL New Delhi , India",
        "End-Time": "14:15",
        "Price": "8,011",
        "Flight Unique Number": "I5 - 581",
        "Layover": "-IXB-"
    },
    {
        "Division": "Element division 51",
        "Type of Flight": "Air India Express",
        "Start (Departure)": "CCU Kolkata , India",
        "Departure timing": "06:00",
        "Total timing (Duration)": "7h 20m",
        "End (Arrival)": "DEL New Delhi , India",
        "End-Time": "13:20",
        "Price": "8,221",
        "Flight Unique Number": "IX - 1457",
        "Layover": "-JAI-"
    }
]